medium;description;compound;bigg_id;formula;exchange_flux
M9;M9_medium (minimal medium) based on protocol from Heilbronner lab;Ca2+;ca2;Ca;
M9;M9_medium (minimal medium) based on protocol from Heilbronner lab;Cl-;cl;Cl;
M9;M9_medium (minimal medium) based on protocol from Heilbronner lab;Co2+;cobalt2;Co;
M9;M9_medium (minimal medium) based on protocol from Heilbronner lab;Cu2+;cu2;Cu;
M9;M9_medium (minimal medium) based on protocol from Heilbronner lab;Fe2+;fe2;Fe;
M9;M9_medium (minimal medium) based on protocol from Heilbronner lab;Fe3+;fe3;Fe;
M9;M9_medium (minimal medium) based on protocol from Heilbronner lab;D-Glucose;glc__D;C6H12O6;
M9;M9_medium (minimal medium) based on protocol from Heilbronner lab;H2O;h2o;H2O;
M9;M9_medium (minimal medium) based on protocol from Heilbronner lab;H+;h;H;
M9;M9_medium (minimal medium) based on protocol from Heilbronner lab;K+;k;K;
M9;M9_medium (minimal medium) based on protocol from Heilbronner lab;Mg;mg2;Mg;
M9;M9_medium (minimal medium) based on protocol from Heilbronner lab;Mn2+;mn2;Mn;
M9;M9_medium (minimal medium) based on protocol from Heilbronner lab;Molybdate;mobd;MoO4;
M9;M9_medium (minimal medium) based on protocol from Heilbronner lab;Na+;na1;Na;
M9;M9_medium (minimal medium) based on protocol from Heilbronner lab;Ammonium;nh4;NH4;
M9;M9_medium (minimal medium) based on protocol from Heilbronner lab;Ni2+;ni2;Ni;
M9;M9_medium (minimal medium) based on protocol from Heilbronner lab;O2;o2;O2;
M9;M9_medium (minimal medium) based on protocol from Heilbronner lab;Phosphate;pi;HO4P;
M9;M9_medium (minimal medium) based on protocol from Heilbronner lab;Sulfate;so4;SO4;
M9;M9_medium (minimal medium) based on protocol from Heilbronner lab;Zn2+;zn2;Zn;
M9;M9_medium (minimal medium) based on protocol from Heilbronner lab;C6H8O7 (Citric acid);cit;C6H8O7;
M9;M9_medium (minimal medium) based on protocol from Heilbronner lab;H3BO3;;H3BO3;
LB;Lysogeny broth (from CarveMe);Adenosine;adn;C10H13N5O4;2.5
LB;Lysogeny broth (from CarveMe);L-Alanine;ala__L;C3H7NO2;2.5
LB;Lysogeny broth (from CarveMe);AMP;amp;C10H12N5O7P;2.5
LB;Lysogeny broth (from CarveMe);L-Arginine;arg__L;C6H15N4O2;2.5
LB;Lysogeny broth (from CarveMe);Arsenite ;aso3;AsO3;2.5
LB;Lysogeny broth (from CarveMe);L-Aspartate;asp__L;C4H6NO4;2.5
LB;Lysogeny broth (from CarveMe);Ca2+;ca2;Ca;2.5
LB;Lysogeny broth (from CarveMe);Vitamin B12;cbl1;C62CoH88N13O14P;2.5
LB;Lysogeny broth (from CarveMe);Cadmium ;cd2;Cd;2.5
LB;Lysogeny broth (from CarveMe);Cl-;cl;Cl;2.5
LB;Lysogeny broth (from CarveMe);CMP;cmp;C9H12N3O8P;2.5
LB;Lysogeny broth (from CarveMe);Co2+;cobalt2;Co;2.5
LB;Lysogeny broth (from CarveMe);Chromate ;cro4;CrO4;2.5
LB;Lysogeny broth (from CarveMe);Cu2+;cu2;Cu;2.5
LB;Lysogeny broth (from CarveMe);L-Cysteine;cys__L;C3H7NO2S;2.5
LB;Lysogeny broth (from CarveMe);Deoxyadenosine ;dad_2;C10H13N5O3;2.5
LB;Lysogeny broth (from CarveMe);Deoxycytidine;dcyt;C9H13N3O4;2.5
LB;Lysogeny broth (from CarveMe);Fe2+;fe2;Fe;2.5
LB;Lysogeny broth (from CarveMe);Fe3+;fe3;Fe;2.5
LB;Lysogeny broth (from CarveMe);Folate;fol;C19H17N7O6;2.5
LB;Lysogeny broth (from CarveMe);D-Glucose;glc__D;C6H12O6;2.5
LB;Lysogeny broth (from CarveMe);L-Glutamate;glu__L;C5H8NO4;2.5
LB;Lysogeny broth (from CarveMe);Glycine;gly;C2H5NO2;2.5
LB;Lysogeny broth (from CarveMe);GMP;gmp;C10H12N5O8P;2.5
LB;Lysogeny broth (from CarveMe);Guanosine;gsn;C10H12N5O5;2.5
LB;Lysogeny broth (from CarveMe);H2O;h2o;H2O;2.5
LB;Lysogeny broth (from CarveMe);Hydrogen sulfide;h2s;H2S;2.5
LB;Lysogeny broth (from CarveMe);H+;h;H;2.5
LB;Lysogeny broth (from CarveMe);Hg2+;hg2;Hg;2.5
LB;Lysogeny broth (from CarveMe);L-Histidine;his__L;C6H9N3O2;2.5
LB;Lysogeny broth (from CarveMe);Hypoxanthine;hxan;C5H4N4O;2.5
LB;Lysogeny broth (from CarveMe);L-Isoleucine;ile__L;C6H13NO2;2.5
LB;Lysogeny broth (from CarveMe);Inosine;ins;C10H12N4O5;2.5
LB;Lysogeny broth (from CarveMe);K+;k;K;2.5
LB;Lysogeny broth (from CarveMe);L-Leucine;leu__L;C6H13NO2;2.5
LB;Lysogeny broth (from CarveMe);Lipoate;lipoate;C8H13O2S2;2.5
LB;Lysogeny broth (from CarveMe);L-Lysine;lys__L;C6H15N2O2;2.5
LB;Lysogeny broth (from CarveMe);L-Methionine;met__L;C5H11NO2S;2.5
LB;Lysogeny broth (from CarveMe);Mg;mg2;Mg;2.5
LB;Lysogeny broth (from CarveMe);Mn2+;mn2;Mn;2.5
LB;Lysogeny broth (from CarveMe);Molybdate;mobd;MoO4;2.5
LB;Lysogeny broth (from CarveMe);Na+;na1;Na;2.5
LB;Lysogeny broth (from CarveMe);Isonicotinic acid;nac;C6H4NO2;2.5
LB;Lysogeny broth (from CarveMe);Ammonium;nh4;NH4;2.5
LB;Lysogeny broth (from CarveMe);Ni2+;ni2;Ni;2.5
LB;Lysogeny broth (from CarveMe);O2;o2;O2;5.0
LB;Lysogeny broth (from CarveMe);L-Phenylalanine;phe__L;C9H11NO2;2.5
LB;Lysogeny broth (from CarveMe);Protoheme;pheme;C24H30FeN4O4;2.5
LB;Lysogeny broth (from CarveMe);Phosphate;pi;HO4P;2.5
LB;Lysogeny broth (from CarveMe);PAN;pnto__R;C9H15NO5;2.5
LB;Lysogeny broth (from CarveMe);L-Proline;pro__L;C5H9NO2;2.5
LB;Lysogeny broth (from CarveMe);Pyridoxal;pydx;C8H9NO3;2.5
LB;Lysogeny broth (from CarveMe);Riboflavin;ribflv;C17H19N4O6;2.5
LB;Lysogeny broth (from CarveMe);L-Serine;ser__L;C3H7NO3;2.5
LB;Lysogeny broth (from CarveMe);Sulfate;so4;SO4;2.5
LB;Lysogeny broth (from CarveMe);Thiamin;thm;C12H17N4OS;2.5
LB;Lysogeny broth (from CarveMe);L-Threonine;thr__L;C4H9NO3;2.5
LB;Lysogeny broth (from CarveMe);Thymidine;thymd;C10H14N2O5;2.5
LB;Lysogeny broth (from CarveMe);L-Tryptophan;trp__L;C11H12N2O2;2.5
LB;Lysogeny broth (from CarveMe);L-Tyrosine;tyr__L;C9H11NO3;2.5
LB;Lysogeny broth (from CarveMe);UMP;ump;C9H11N2O9P;2.5
LB;Lysogeny broth (from CarveMe);Uracil;ura;C4H4N2O2;2.5
LB;Lysogeny broth (from CarveMe);Uridine;uri;C9H12N2O6;2.5
LB;Lysogeny broth (from CarveMe);L-Valine;val__L;C5H11NO2;2.5
LB;Lysogeny broth (from CarveMe);Zn2+;zn2;Zn;2.5
SNM3;Synthetic nasal medium, adapted from Krismer et. al, 2014 (+ o2, h20, fe2, fe3 as it is in water);L-Alanine;ala__L;C3H7NO2;
SNM3;Synthetic nasal medium, adapted from Krismer et. al, 2014 (+ o2, h20, fe2, fe3 as it is in water);L-Argenine;arg__L;C6H15N4O2;
SNM3;Synthetic nasal medium, adapted from Krismer et. al, 2014 (+ o2, h20, fe2, fe3 as it is in water);L-Glutamate;glu__L;C5H8NO4;
SNM3;Synthetic nasal medium, adapted from Krismer et. al, 2014 (+ o2, h20, fe2, fe3 as it is in water);Glycine;gly;C2H5NO2;
SNM3;Synthetic nasal medium, adapted from Krismer et. al, 2014 (+ o2, h20, fe2, fe3 as it is in water);L-Histidine;his__L;C6H9N3O2;
SNM3;Synthetic nasal medium, adapted from Krismer et. al, 2014 (+ o2, h20, fe2, fe3 as it is in water);L-Leucine;leu__L;C6H13NO2;
SNM3;Synthetic nasal medium, adapted from Krismer et. al, 2014 (+ o2, h20, fe2, fe3 as it is in water);L-Lysine;lys__L;C6H15N2O2;
SNM3;Synthetic nasal medium, adapted from Krismer et. al, 2014 (+ o2, h20, fe2, fe3 as it is in water);L-Phenylalanine;phe__L;C9H11NO2;
SNM3;Synthetic nasal medium, adapted from Krismer et. al, 2014 (+ o2, h20, fe2, fe3 as it is in water);L-Proline;pro__L;C5H9NO2;
SNM3;Synthetic nasal medium, adapted from Krismer et. al, 2014 (+ o2, h20, fe2, fe3 as it is in water);L-Serine;ser__L;C3H7NO3;
SNM3;Synthetic nasal medium, adapted from Krismer et. al, 2014 (+ o2, h20, fe2, fe3 as it is in water);L-Threonine;thr__L;C4H9NO3;
SNM3;Synthetic nasal medium, adapted from Krismer et. al, 2014 (+ o2, h20, fe2, fe3 as it is in water);L-Tryptophan;trp__L;C11H12N2O2;
SNM3;Synthetic nasal medium, adapted from Krismer et. al, 2014 (+ o2, h20, fe2, fe3 as it is in water);L-Valine;val__L;C5H11NO2;
SNM3;Synthetic nasal medium, adapted from Krismer et. al, 2014 (+ o2, h20, fe2, fe3 as it is in water);Ca2+;ca2;Ca;
SNM3;Synthetic nasal medium, adapted from Krismer et. al, 2014 (+ o2, h20, fe2, fe3 as it is in water);Cl-;cl;Cl;
SNM3;Synthetic nasal medium, adapted from Krismer et. al, 2014 (+ o2, h20, fe2, fe3 as it is in water);Co2+;cobalt2;Co;
SNM3;Synthetic nasal medium, adapted from Krismer et. al, 2014 (+ o2, h20, fe2, fe3 as it is in water);Cu2+;cu2;Cu;
SNM3;Synthetic nasal medium, adapted from Krismer et. al, 2014 (+ o2, h20, fe2, fe3 as it is in water);Fe2+;fe2;Fe;
SNM3;Synthetic nasal medium, adapted from Krismer et. al, 2014 (+ o2, h20, fe2, fe3 as it is in water);Fe3+;fe3;Fe;
SNM3;Synthetic nasal medium, adapted from Krismer et. al, 2014 (+ o2, h20, fe2, fe3 as it is in water);D-Glucose;glc__D;C6H12O6;
SNM3;Synthetic nasal medium, adapted from Krismer et. al, 2014 (+ o2, h20, fe2, fe3 as it is in water);H2O;h2o;H2O;
SNM3;Synthetic nasal medium, adapted from Krismer et. al, 2014 (+ o2, h20, fe2, fe3 as it is in water);K+;k;K;
SNM3;Synthetic nasal medium, adapted from Krismer et. al, 2014 (+ o2, h20, fe2, fe3 as it is in water);Mg;mg2;Mg;
SNM3;Synthetic nasal medium, adapted from Krismer et. al, 2014 (+ o2, h20, fe2, fe3 as it is in water);Mn2+;mn2;Mn;
SNM3;Synthetic nasal medium, adapted from Krismer et. al, 2014 (+ o2, h20, fe2, fe3 as it is in water);Molybdate;mobd;MoO4;
SNM3;Synthetic nasal medium, adapted from Krismer et. al, 2014 (+ o2, h20, fe2, fe3 as it is in water);Na+;na1;Na;
SNM3;Synthetic nasal medium, adapted from Krismer et. al, 2014 (+ o2, h20, fe2, fe3 as it is in water);Ni2+;ni2;Ni;
SNM3;Synthetic nasal medium, adapted from Krismer et. al, 2014 (+ o2, h20, fe2, fe3 as it is in water);O2;o2;O2;
SNM3;Synthetic nasal medium, adapted from Krismer et. al, 2014 (+ o2, h20, fe2, fe3 as it is in water);Phosphate;pi;HO4P;
SNM3;Synthetic nasal medium, adapted from Krismer et. al, 2014 (+ o2, h20, fe2, fe3 as it is in water);Sulfate;so4;SO4;
SNM3;Synthetic nasal medium, adapted from Krismer et. al, 2014 (+ o2, h20, fe2, fe3 as it is in water);Zn2+;zn2;Zn;
SNM3;Synthetic nasal medium, adapted from Krismer et. al, 2014 (+ o2, h20, fe2, fe3 as it is in water);C6H8O7 (Citric acid);cit;C6H8O7;
SNM3;Synthetic nasal medium, adapted from Krismer et. al, 2014 (+ o2, h20, fe2, fe3 as it is in water);H3BO3;;H3BO3;
SNM3;Synthetic nasal medium, adapted from Krismer et. al, 2014 (+ o2, h20, fe2, fe3 as it is in water);Ornithine;orn;C5H13N2O2;
SNM3;Synthetic nasal medium, adapted from Krismer et. al, 2014 (+ o2, h20, fe2, fe3 as it is in water);Fumerate;fum;C4H2O4;
SNM3;Synthetic nasal medium, adapted from Krismer et. al, 2014 (+ o2, h20, fe2, fe3 as it is in water);Maleate;male;C4H2O4;
SNM3;Synthetic nasal medium, adapted from Krismer et. al, 2014 (+ o2, h20, fe2, fe3 as it is in water);Pyruvate;pyr;C3H3O3;
SNM3;Synthetic nasal medium, adapted from Krismer et. al, 2014 (+ o2, h20, fe2, fe3 as it is in water);Succinate;succ;C4H4O4;
SNM3;Synthetic nasal medium, adapted from Krismer et. al, 2014 (+ o2, h20, fe2, fe3 as it is in water);Urea;urea;CH4N2O;
SNM3;Synthetic nasal medium, adapted from Krismer et. al, 2014 (+ o2, h20, fe2, fe3 as it is in water);2,2-Bipyridine;;C10H8N2;
SNM3;Synthetic nasal medium, adapted from Krismer et. al, 2014 (+ o2, h20, fe2, fe3 as it is in water);Riboflavin;ribflv;C17H20N4O6;
SNM3;Synthetic nasal medium, adapted from Krismer et. al, 2014 (+ o2, h20, fe2, fe3 as it is in water);Pyridoxamine;pydam;C8H13N2O2;
SNM3;Synthetic nasal medium, adapted from Krismer et. al, 2014 (+ o2, h20, fe2, fe3 as it is in water);(R)-Pantothenate;pnto__R;C9H15NO5;
SNM3;Synthetic nasal medium, adapted from Krismer et. al, 2014 (+ o2, h20, fe2, fe3 as it is in water);Nicotinate;nac;C6H4NO2;
SNM3;Synthetic nasal medium, adapted from Krismer et. al, 2014 (+ o2, h20, fe2, fe3 as it is in water);Biotin;btn;C10H15N2O3S;
SNM3;Synthetic nasal medium, adapted from Krismer et. al, 2014 (+ o2, h20, fe2, fe3 as it is in water);4-Aminobenzoate;4abz;C7H6NO2;
SNM3;Synthetic nasal medium, adapted from Krismer et. al, 2014 (+ o2, h20, fe2, fe3 as it is in water);Cobalamin II (part of vitamine B12);cbl2;C62H88CoN13O14P;
SNM3;Synthetic nasal medium, adapted from Krismer et. al, 2014 (+ o2, h20, fe2, fe3 as it is in water);Cobalamin I (part of vitamine B12);cbl1;C62H88CoN13O14P;
VMH-EUavg;extracted from VMH (virtual metabolic human database) - EU average diet;L-Alanine;ala__L;C3H7NO2;37.2085636165274
VMH-EUavg;extracted from VMH (virtual metabolic human database) - EU average diet;L-Arginine;arg__L;C6H15N4O2;20.3518771021335
VMH-EUavg;extracted from VMH (virtual metabolic human database) - EU average diet;L-Aspartate;asp__L;C4H6NO4;47.0867491277091
VMH-EUavg;extracted from VMH (virtual metabolic human database) - EU average diet;Ca2+;ca2;Ca;18.549079295374
VMH-EUavg;extracted from VMH (virtual metabolic human database) - EU average diet;Cl-;cl;Cl;375.557498660198
VMH-EUavg;extracted from VMH (virtual metabolic human database) - EU average diet;Cu2+;cu2;Cu;0.0356749441349574
VMH-EUavg;extracted from VMH (virtual metabolic human database) - EU average diet;L-Cysteine;cys__L;C3H7NO2S;7.5118316383043
VMH-EUavg;extracted from VMH (virtual metabolic human database) - EU average diet;Fe2+;fe2;Fe;0.109248813680723
VMH-EUavg;extracted from VMH (virtual metabolic human database) - EU average diet;Fe3+;fe3;Fe;0.109248813680723
VMH-EUavg;extracted from VMH (virtual metabolic human database) - EU average diet;Folate;fol;C19H17N7O6;0.0001346137907466
VMH-EUavg;extracted from VMH (virtual metabolic human database) - EU average diet;D-Glucose;glc__D;C6H12O6;135.580350130082
VMH-EUavg;extracted from VMH (virtual metabolic human database) - EU average diet;L-Glutamate;glu__L;C5H8NO4;103.122200527918
VMH-EUavg;extracted from VMH (virtual metabolic human database) - EU average diet;Glycine;gly;C2H5NO2;36.7646862919061
VMH-EUavg;extracted from VMH (virtual metabolic human database) - EU average diet;H2O;h2o;H2O;165892.342500366
VMH-EUavg;extracted from VMH (virtual metabolic human database) - EU average diet;L-Histidine;his__L;C6H9N3O2;14.0240766306639
VMH-EUavg;extracted from VMH (virtual metabolic human database) - EU average diet;L-Isoleucine;ile__L;C6H13NO2;28.9216751325922
VMH-EUavg;extracted from VMH (virtual metabolic human database) - EU average diet;K+;k;K;83.433806584941
VMH-EUavg;extracted from VMH (virtual metabolic human database) - EU average diet;L-Leucine;leu__L;C6H13NO2;46.8878099058571
VMH-EUavg;extracted from VMH (virtual metabolic human database) - EU average diet;L-Lysine;lys__L;C6H15N2O2;33.3115482470592
VMH-EUavg;extracted from VMH (virtual metabolic human database) - EU average diet;L-Methionine;met__L;C5H11NO2S;10.7274046938804
VMH-EUavg;extracted from VMH (virtual metabolic human database) - EU average diet;Mg;mg2;Mg;14.529932112734
VMH-EUavg;extracted from VMH (virtual metabolic human database) - EU average diet;Mn2+;mn2;Mn;0.07470233059804
VMH-EUavg;extracted from VMH (virtual metabolic human database) - EU average diet;Na+;na1;Na;172.446271718304
VMH-EUavg;extracted from VMH (virtual metabolic human database) - EU average diet;Isonicotinic acid;nac;C6H4NO2;0.30861619226627
VMH-EUavg;extracted from VMH (virtual metabolic human database) - EU average diet;L-Phenylalanine;phe__L;C9H11NO2;20.7149866425811
VMH-EUavg;extracted from VMH (virtual metabolic human database) - EU average diet;Phosphate;pi;HO4P;14.2266092792925
VMH-EUavg;extracted from VMH (virtual metabolic human database) - EU average diet;PAN;pnto__R;C9H15NO5;0.0255697049402686
VMH-EUavg;extracted from VMH (virtual metabolic human database) - EU average diet;L-Proline;pro__L;C5H9NO2;53.8152791831878
VMH-EUavg;extracted from VMH (virtual metabolic human database) - EU average diet;Pyridoxal;pydx;C8H9NO3;0.0032104585172866
VMH-EUavg;extracted from VMH (virtual metabolic human database) - EU average diet;Riboflavin;ribflv;C17H19N4O6;0.0036932341279277
VMH-EUavg;extracted from VMH (virtual metabolic human database) - EU average diet;L-Serine;ser__L;C3H7NO3;37.3792255591735
VMH-EUavg;extracted from VMH (virtual metabolic human database) - EU average diet;Thiamin;thm;C12H17N4OS;5.40785801339038
VMH-EUavg;extracted from VMH (virtual metabolic human database) - EU average diet;L-Threonine;thr__L;C4H9NO3;25.8810502421104
VMH-EUavg;extracted from VMH (virtual metabolic human database) - EU average diet;L-Tryptophan;trp__L;C11H12N2O2;4.55482477186948
VMH-EUavg;extracted from VMH (virtual metabolic human database) - EU average diet;L-Tyrosine;tyr__L;C9H11NO3;15.6468539670012
VMH-EUavg;extracted from VMH (virtual metabolic human database) - EU average diet;L-Valine;val__L;C5H11NO2;37.7843773128131
VMH-EUavg;extracted from VMH (virtual metabolic human database) - EU average diet;Zn2+;zn2;Zn;0.150963597430407
VMH-EUavg;extracted from VMH (virtual metabolic human database) - EU average diet;Ethanol;etoh;C2H6O;234.434015507376
VMH-EUavg;extracted from VMH (virtual metabolic human database) - EU average diet;Beta-Carotene;caro;C40H56;0.0035855806386841
VMH-EUavg;extracted from VMH (virtual metabolic human database) - EU average diet;All-trans-Retinol;retinol;C20H30O;3.00225238748885
VMH-EUavg;extracted from VMH (virtual metabolic human database) - EU average diet;Adenosylcobalamin;adocbl;C72H100CoN18O17P;3.6085500605e-06
VMH-EUavg;extracted from VMH (virtual metabolic human database) - EU average diet;Nicotinamide;ncam;C6H6N2O;0.145527600499817
VMH-EUavg;extracted from VMH (virtual metabolic human database) - EU average diet;Pyridoxamine;pydam;C8H13N2O2;0.0031717700644007
VMH-EUavg;extracted from VMH (virtual metabolic human database) - EU average diet;Pyridoxine;pydxn;C8H11NO3;0.0031722050213838
VMH-EUavg;extracted from VMH (virtual metabolic human database) - EU average diet;Biotin;btn;C10H15N2O3S;0.0001786663279938
VMH-EUavg;extracted from VMH (virtual metabolic human database) - EU average diet;10-Formyltetrahydrofolate;10fthf;C20H21N7O7;0.0001257521370385
VMH-EUavg;extracted from VMH (virtual metabolic human database) - EU average diet;5-Methyltetrahydrofolate;5mthf;C20H24N7O6;0.0001293113132375
VMH-EUavg;extracted from VMH (virtual metabolic human database) - EU average diet;5,6,7,8-Tetrahydrofolate;thf;C19H21N7O6;0.0001336958093047
VMH-EUavg;extracted from VMH (virtual metabolic human database) - EU average diet;L-Ascorbate;ascb__L;C6H7O6;0.58344116649402
VMH-EUavg;extracted from VMH (virtual metabolic human database) - EU average diet;Calciol (Vitamin D3);vitd3;C27H44O;8.7614916582e-06
VMH-EUavg;extracted from VMH (virtual metabolic human database) - EU average diet;Alpha-Tocopherol;avite1;C29H50O2;0.0368580802547259
VMH-EUavg;extracted from VMH (virtual metabolic human database) - EU average diet;Vitamin K1 (phyQ);;C29H50O2;0.0001368772766192
VMH-EUavg;extracted from VMH (virtual metabolic human database) - EU average diet;D-Mannitol;mnl;C6H14O6;0.170169038237532
VMH-EUavg;extracted from VMH (virtual metabolic human database) - EU average diet;Xylitol;xylt;C5H12O5;0.141969084917231
VMH-EUavg;extracted from VMH (virtual metabolic human database) - EU average diet;Lactose;lcts;C12H22O11;4.12671470494148
VMH-EUavg;extracted from VMH (virtual metabolic human database) - EU average diet;Maltose;malt;C12H22O11;8.41375824760113
VMH-EUavg;extracted from VMH (virtual metabolic human database) - EU average diet;Sucrose;sucr;C12H22O11;202.383021737003
VMH-EUavg;extracted from VMH (virtual metabolic human database) - EU average diet;D-Fructose;fru;C6H12O6;106.505865197865
VMH-EUavg;extracted from VMH (virtual metabolic human database) - EU average diet;D-Galactose;gal;C6H12O6;0.0299740391516459
VMH-EUavg;extracted from VMH (virtual metabolic human database) - EU average diet;Celluose (n=500 repeating units, beta-1,4 glc);cell500;C3000H5002O2501;0.052346876171936
VMH-EUavg;extracted from VMH (virtual metabolic human database) - EU average diet;Urate;urate;C5H4N4O3;2.91939280341538
VMH-EUavg;extracted from VMH (virtual metabolic human database) - EU average diet;Decanoate (n-C10:0);dca;C10H19O2;10.7484261929606
VMH-EUavg;extracted from VMH (virtual metabolic human database) - EU average diet;Dodecanoate (n-C12:0);ddca;C12H23O2;13.4590471717898
VMH-EUavg;extracted from VMH (virtual metabolic human database) - EU average diet;Tetradecanoate (n-C14:0);ttdca;C14H27O2;30.2113800398482
VMH-EUavg;extracted from VMH (virtual metabolic human database) - EU average diet;Tetradecenoate (n-C14:1);ttdcea;C14H25O2;3.78398479501178
VMH-EUavg;extracted from VMH (virtual metabolic human database) - EU average diet;Pentadecanoate;ptdca;C15H30O2;2.89407662964767
VMH-EUavg;extracted from VMH (virtual metabolic human database) - EU average diet;Hexadecanoate (n-C16:0);hdca;C16H31O2;92.7850671903611
VMH-EUavg;extracted from VMH (virtual metabolic human database) - EU average diet;Heptadecanoate C170 ;hpdca;C17H33O2;1.77952492310981
VMH-EUavg;extracted from VMH (virtual metabolic human database) - EU average diet;Octadecanoate (n-C18:0);ocdca;C18H35O2;35.850866390117
VMH-EUavg;extracted from VMH (virtual metabolic human database) - EU average diet;Octadecenoate (n-C18:1);ocdcea;C18H33O2;101.592732580242
VMH-EUavg;extracted from VMH (virtual metabolic human database) - EU average diet;Linoleic acid (all cis C18:2) n-6;lnlc;C18H31O2;54.9854618653545
VMH-EUavg;extracted from VMH (virtual metabolic human database) - EU average diet;Alpha-Linolenic acid, C18:3, n-3;lnlnca;C18H29O2;4.1633368983032
VMH-EUavg;extracted from VMH (virtual metabolic human database) - EU average diet;Arachidic acid;arach;C20H39O2;1.0330553972827
VMH-EUavg;extracted from VMH (virtual metabolic human database) - EU average diet;11-cis-eicosenoate;CE2510;C20H37O2;1.0866650339605
VMH-EUavg;extracted from VMH (virtual metabolic human database) - EU average diet;Cis,cis-11,14-eicosadienoyl-CoA;CE4843;C41H66N7O17P3S;0.114865262591682
VMH-EUavg;extracted from VMH (virtual metabolic human database) - EU average diet;Arachidonic acid;arachd;C20H31O2;0.536810750978139
VMH-EUavg;extracted from VMH (virtual metabolic human database) - EU average diet;Docosanoate;docosac;C22H43O2;0.4540962307068
VMH-EUavg;extracted from VMH (virtual metabolic human database) - EU average diet;3(Z)-13-docosenoic acid;doco13ac;C22H41O2;0.560730442644664
VMH-EUavg;extracted from VMH (virtual metabolic human database) - EU average diet;Clupanodonic acid;clpnd;C22H33O2;0.0483768856818379
VMH-EUavg;extracted from VMH (virtual metabolic human database) - EU average diet;Cervonic acid, C22:6 n-3;crvnc;C22H31O2;0.166300079729987
VMH-EUavg;extracted from VMH (virtual metabolic human database) - EU average diet;Butyrate (n-C4:0);but;C4H7O2;26.3342564399315
VMH-EUavg;extracted from VMH (virtual metabolic human database) - EU average diet;Octanoate (n-C8:0);octa;C8H15O2;6.84557290848338
VMH-EUavg;extracted from VMH (virtual metabolic human database) - EU average diet;Chsterol c;chsterol;C27H46O;1.23218850986736
VMH-EUavg;extracted from VMH (virtual metabolic human database) - EU average diet;D-Sorbitol;sbt__D;C6H14O6;0.0329359428846836
VMH-EUavg;extracted from VMH (virtual metabolic human database) - EU average diet;Lignoceric acid;lgnc;C24H47O2;0.222615855993872
VMH-EUavg;extracted from VMH (virtual metabolic human database) - EU average diet;Hexadecenoate (n-C16:1);hdcea;C16H29O2;7.1204730223287
VMH-EUavg;extracted from VMH (virtual metabolic human database) - EU average diet;Starch, structure 1 (1,6-{7[1,4-Glc], 4[1,4-Glc]});strch1;C66H112O56;33.0369997278473
VMH-EUavg;extracted from VMH (virtual metabolic human database) - EU average diet;Iodid;i;I;0.0020123798633728
VMH-EUavg;extracted from VMH (virtual metabolic human database) - EU average diet;starch n=1200 repeat units (300 repeat units amylose, 900 repeat units amylopectin, corresponds to potatoe starch);starch1200;C7200H12002O6001;0.305869770147688
VMH-EUavg;extracted from VMH (virtual metabolic human database) - EU average diet;Co2+;cobalt2;Co;
VMH-EUavg;extracted from VMH (virtual metabolic human database) - EU average diet;Molybdate;mobd;MoO4;
VMH-EUavg;extracted from VMH (virtual metabolic human database) - EU average diet;Ni2+;ni2;Ni;
VMH-EUavg;extracted from VMH (virtual metabolic human database) - EU average diet;Superoxide;o2s;O2;
VMH-vegan;extracted from VMH (virtual metabolic human database) - vegan diet;L-Alanine;ala__L;C3H7NO2;29.5717855010259
VMH-vegan;extracted from VMH (virtual metabolic human database) - vegan diet;L-Arginine;arg__L;C6H15N4O2;23.8655113981082
VMH-vegan;extracted from VMH (virtual metabolic human database) - vegan diet;L-Aspartate;asp__L;C4H6NO4;46.5239332085239
VMH-vegan;extracted from VMH (virtual metabolic human database) - vegan diet;Ca2+;ca2;Ca;21.0512001596886
VMH-vegan;extracted from VMH (virtual metabolic human database) - vegan diet;Cl-;cl;Cl;219.156347840803
VMH-vegan;extracted from VMH (virtual metabolic human database) - vegan diet;Cu2+;cu2;Cu;0.0436691530544802
VMH-vegan;extracted from VMH (virtual metabolic human database) - vegan diet;L-Cysteine;cys__L;C3H7NO2S;7.48401676485785
VMH-vegan;extracted from VMH (virtual metabolic human database) - vegan diet;Fe2+;fe2;Fe;0.162727191333154
VMH-vegan;extracted from VMH (virtual metabolic human database) - vegan diet;Fe3+;fe3;Fe;0.162727191333154
VMH-vegan;extracted from VMH (virtual metabolic human database) - vegan diet;Folate;fol;C19H17N7O6;0.000297620061332
VMH-vegan;extracted from VMH (virtual metabolic human database) - vegan diet;D-Glucose;glc__D;C6H12O6;112.061303570963
VMH-vegan;extracted from VMH (virtual metabolic human database) - vegan diet;L-Glutamate;glu__L;C5H8NO4;85.2144759182953
VMH-vegan;extracted from VMH (virtual metabolic human database) - vegan diet;Glycine;gly;C2H5NO2;36.4512979141189
VMH-vegan;extracted from VMH (virtual metabolic human database) - vegan diet;H2O;h2o;H2O;204712.055543961
VMH-vegan;extracted from VMH (virtual metabolic human database) - vegan diet;L-Histidine;his__L;C6H9N3O2;9.22412226256907
VMH-vegan;extracted from VMH (virtual metabolic human database) - vegan diet;L-Isoleucine;ile__L;C6H13NO2;19.6492187029485
VMH-vegan;extracted from VMH (virtual metabolic human database) - vegan diet;K+;k;K;107.077417688237
VMH-vegan;extracted from VMH (virtual metabolic human database) - vegan diet;L-Leucine;leu__L;C6H13NO2;32.4116490525101
VMH-vegan;extracted from VMH (virtual metabolic human database) - vegan diet;L-Lysine;lys__L;C6H15N2O2;19.6651052511796
VMH-vegan;extracted from VMH (virtual metabolic human database) - vegan diet;L-Methionine;met__L;C5H11NO2S;4.98705526994269
VMH-vegan;extracted from VMH (virtual metabolic human database) - vegan diet;Mg;mg2;Mg;26.0641843242131
VMH-vegan;extracted from VMH (virtual metabolic human database) - vegan diet;Mn2+;mn2;Mn;0.20887164805373
VMH-vegan;extracted from VMH (virtual metabolic human database) - vegan diet;Na+;na1;Na;113.96678096632
VMH-vegan;extracted from VMH (virtual metabolic human database) - vegan diet;Isonicotinic acid;nac;C6H4NO2;0.264656863347297
VMH-vegan;extracted from VMH (virtual metabolic human database) - vegan diet;L-Phenylalanine;phe__L;C9H11NO2;17.1645102491629
VMH-vegan;extracted from VMH (virtual metabolic human database) - vegan diet;Phosphate;pi;HO4P;11.3546879379199
VMH-vegan;extracted from VMH (virtual metabolic human database) - vegan diet;PAN;pnto__R;C9H15NO5;0.0350323287219272
VMH-vegan;extracted from VMH (virtual metabolic human database) - vegan diet;L-Proline;pro__L;C5H9NO2;33.5136214990815
VMH-vegan;extracted from VMH (virtual metabolic human database) - vegan diet;Pyridoxal;pydx;C8H9NO3;0.0059223986312678
VMH-vegan;extracted from VMH (virtual metabolic human database) - vegan diet;Riboflavin;ribflv;C17H19N4O6;0.0053140059394644
VMH-vegan;extracted from VMH (virtual metabolic human database) - vegan diet;L-Serine;ser__L;C3H7NO3;30.3094604187164
VMH-vegan;extracted from VMH (virtual metabolic human database) - vegan diet;Thiamin;thm;C12H17N4OS;10.3634909664276
VMH-vegan;extracted from VMH (virtual metabolic human database) - vegan diet;L-Threonine;thr__L;C4H9NO3;17.5974989758158
VMH-vegan;extracted from VMH (virtual metabolic human database) - vegan diet;L-Tryptophan;trp__L;C11H12N2O2;3.10316748373854
VMH-vegan;extracted from VMH (virtual metabolic human database) - vegan diet;L-Tyrosine;tyr__L;C9H11NO3;10.3666071522199
VMH-vegan;extracted from VMH (virtual metabolic human database) - vegan diet;L-Valine;val__L;C5H11NO2;26.4115042472532
VMH-vegan;extracted from VMH (virtual metabolic human database) - vegan diet;Zn2+;zn2;Zn;0.116396451514225
VMH-vegan;extracted from VMH (virtual metabolic human database) - vegan diet;Beta-Carotene;caro;C40H56;0.0150221858966168
VMH-vegan;extracted from VMH (virtual metabolic human database) - vegan diet;All-trans-Retinol;retinol;C20H30O;1.25675681336742
VMH-vegan;extracted from VMH (virtual metabolic human database) - vegan diet;Nicotinamide;ncam;C6H6N2O;0.117298234753686
VMH-vegan;extracted from VMH (virtual metabolic human database) - vegan diet;Pyridoxamine;pydam;C8H13N2O2;0.0058510292492361
VMH-vegan;extracted from VMH (virtual metabolic human database) - vegan diet;Pyridoxine;pydxn;C8H11NO3;0.005851831623298
VMH-vegan;extracted from VMH (virtual metabolic human database) - vegan diet;Biotin;btn;C10H15N2O3S;0.0004779437301764
VMH-vegan;extracted from VMH (virtual metabolic human database) - vegan diet;10-Formyltetrahydrofolate;10fthf;C20H21N7O7;0.0002780276710914
VMH-vegan;extracted from VMH (virtual metabolic human database) - vegan diet;5-Methyltetrahydrofolate;5mthf;C20H24N7O6;0.0002858967180349
VMH-vegan;extracted from VMH (virtual metabolic human database) - vegan diet;5,6,7,8-Tetrahydrofolate;thf;C19H21N7O6;0.0002955904795819
VMH-vegan;extracted from VMH (virtual metabolic human database) - vegan diet;L-Ascorbate;ascb__L;C6H7O6;1.59925238213255
VMH-vegan;extracted from VMH (virtual metabolic human database) - vegan diet;Calciol (Vitamin D3);vitd3;C27H44O;2.2098717832e-06
VMH-vegan;extracted from VMH (virtual metabolic human database) - vegan diet;Alpha-Tocopherol;avite1;C29H50O2;0.051694183110014
VMH-vegan;extracted from VMH (virtual metabolic human database) - vegan diet;D-Mannitol;mnl;C6H14O6;5.3575800425752
VMH-vegan;extracted from VMH (virtual metabolic human database) - vegan diet;Xylitol;xylt;C5H12O5;0.254361277143372
VMH-vegan;extracted from VMH (virtual metabolic human database) - vegan diet;Lactose;lcts;C12H22O11;0.102542678642639
VMH-vegan;extracted from VMH (virtual metabolic human database) - vegan diet;Maltose;malt;C12H22O11;0.555074328834797
VMH-vegan;extracted from VMH (virtual metabolic human database) - vegan diet;Sucrose;sucr;C12H22O11;216.946419259326
VMH-vegan;extracted from VMH (virtual metabolic human database) - vegan diet;D-Fructose;fru;C6H12O6;143.715248848359
VMH-vegan;extracted from VMH (virtual metabolic human database) - vegan diet;D-Galactose;gal;C6H12O6;0.0133217951785093
VMH-vegan;extracted from VMH (virtual metabolic human database) - vegan diet;Urate;urate;C5H4N4O3;2.79248207873045
VMH-vegan;extracted from VMH (virtual metabolic human database) - vegan diet;Decanoate (n-C10:0);dca;C10H19O2;2.28037793557858
VMH-vegan;extracted from VMH (virtual metabolic human database) - vegan diet;Dodecanoate (n-C12:0);ddca;C12H23O2;15.1433597344436
VMH-vegan;extracted from VMH (virtual metabolic human database) - vegan diet;Tetradecanoate (n-C14:0);ttdca;C14H27O2;5.91364909857804
VMH-vegan;extracted from VMH (virtual metabolic human database) - vegan diet;Tetradecenoate (n-C14:1);ttdcea;C14H25O2;0.0296875353621147
VMH-vegan;extracted from VMH (virtual metabolic human database) - vegan diet;Pentadecanoate;ptdca;C15H30O2;0.0345499557561718
VMH-vegan;extracted from VMH (virtual metabolic human database) - vegan diet;Hexadecanoate (n-C16:0);hdca;C16H31O2;32.8675443717135
VMH-vegan;extracted from VMH (virtual metabolic human database) - vegan diet;Heptadecanoate C170 ;hpdca;C17H33O2;0.133739010186581
VMH-vegan;extracted from VMH (virtual metabolic human database) - vegan diet;Octadecanoate (n-C18:0);ocdca;C18H35O2;7.75754199837513
VMH-vegan;extracted from VMH (virtual metabolic human database) - vegan diet;Octadecenoate (n-C18:1);ocdcea;C18H33O2;123.542280889128
VMH-vegan;extracted from VMH (virtual metabolic human database) - vegan diet;Linoleic acid (all cis C18:2) n-6;lnlc;C18H31O2;69.8009393871617
VMH-vegan;extracted from VMH (virtual metabolic human database) - vegan diet;Alpha-Linolenic acid, C18:3, n-3;lnlnca;C18H29O2;6.23599379572687
VMH-vegan;extracted from VMH (virtual metabolic human database) - vegan diet;Arachidic acid;arach;C20H39O2;1.25348891332087
VMH-vegan;extracted from VMH (virtual metabolic human database) - vegan diet;11-cis-eicosenoate;CE2510;C20H37O2;1.13771402613062
VMH-vegan;extracted from VMH (virtual metabolic human database) - vegan diet;Cis,cis-11,14-eicosadienoyl-CoA;CE4843;C41H66N7O17P3S;0.0036423865827486
VMH-vegan;extracted from VMH (virtual metabolic human database) - vegan diet;Arachidonic acid;arachd;C20H31O2;0.0062611444251593
VMH-vegan;extracted from VMH (virtual metabolic human database) - vegan diet;Docosanoate;docosac;C22H43O2;1.26088270181957
VMH-vegan;extracted from VMH (virtual metabolic human database) - vegan diet;3(Z)-13-docosenoic acid;doco13ac;C22H41O2;0.26183516574994
VMH-vegan;extracted from VMH (virtual metabolic human database) - vegan diet;Butyrate (n-C4:0);but;C4H7O2;0.177388021658561
VMH-vegan;extracted from VMH (virtual metabolic human database) - vegan diet;Octanoate (n-C8:0);octa;C8H15O2;3.67477051887698
VMH-vegan;extracted from VMH (virtual metabolic human database) - vegan diet;Chsterol c;chsterol;C27H46O;0.0036725388493832
VMH-vegan;extracted from VMH (virtual metabolic human database) - vegan diet;D-Sorbitol;sbt__D;C6H14O6;3.93310051281263
VMH-vegan;extracted from VMH (virtual metabolic human database) - vegan diet;Lignoceric acid;lgnc;C24H47O2;0.441749939068974
VMH-vegan;extracted from VMH (virtual metabolic human database) - vegan diet;Hexadecenoate (n-C16:1);hdcea;C16H29O2;2.07428720486913
VMH-vegan;extracted from VMH (virtual metabolic human database) - vegan diet;Starch, structure 1 (1,6-{7[1,4-Glc], 4[1,4-Glc]});strch1;C66H112O56;30.8681788841116
VMH-vegan;extracted from VMH (virtual metabolic human database) - vegan diet;Iodid;i;I;0.0014228025222437
VMH-vegan;extracted from VMH (virtual metabolic human database) - vegan diet;starch n=1200 repeat units (300 repeat units amylose, 900 repeat units amylopectin, corresponds to potatoe starch);starch1200;C7200H12002O6001;0.285789958468973
VMH-vegan;extracted from VMH (virtual metabolic human database) - vegan diet;Vitamin K1 (phyQ);;C29H50O2;0.0008
VMH-vegan;extracted from VMH (virtual metabolic human database) - vegan diet;Celluose (n=500 repeating units, beta-1,4 glc);cell500;C3000H5002O2501;0.1326
VMH-vegan;extracted from VMH (virtual metabolic human database) - vegan diet;Co2+;cobalt2;Co;
VMH-vegan;extracted from VMH (virtual metabolic human database) - vegan diet;Molybdate;mobd;MoO4;
VMH-vegan;extracted from VMH (virtual metabolic human database) - vegan diet;Ni2+;ni2;Ni;
VMH-vegan;extracted from VMH (virtual metabolic human database) - vegan diet;Superoxide;o2s;O2;
VMH-unhealthy;extracted from VMH (virtual metabolic human database) - unhealthy diet;L-Alanine;ala__L;C3H7NO2;86.3692851979725
VMH-unhealthy;extracted from VMH (virtual metabolic human database) - unhealthy diet;L-Arginine;arg__L;C6H15N4O2;46.6414662725467
VMH-unhealthy;extracted from VMH (virtual metabolic human database) - unhealthy diet;L-Aspartate;asp__L;C4H6NO4;101.067741552083
VMH-unhealthy;extracted from VMH (virtual metabolic human database) - unhealthy diet;Ca2+;ca2;Ca;53.0445631019512
VMH-unhealthy;extracted from VMH (virtual metabolic human database) - unhealthy diet;Cl-;cl;Cl;617.961131639071
VMH-unhealthy;extracted from VMH (virtual metabolic human database) - unhealthy diet;Cu2+;cu2;Cu;0.0329839801088975
VMH-unhealthy;extracted from VMH (virtual metabolic human database) - unhealthy diet;L-Cysteine;cys__L;C3H7NO2S;16.9723551521895
VMH-unhealthy;extracted from VMH (virtual metabolic human database) - unhealthy diet;Fe2+;fe2;Fe;0.170006267347121
VMH-unhealthy;extracted from VMH (virtual metabolic human database) - unhealthy diet;Fe3+;fe3;Fe;0.170006267347121
VMH-unhealthy;extracted from VMH (virtual metabolic human database) - unhealthy diet;Folate;fol;C19H17N7O6;0.0001368606653882
VMH-unhealthy;extracted from VMH (virtual metabolic human database) - unhealthy diet;D-Glucose;glc__D;C6H12O6;119.070987960983
VMH-unhealthy;extracted from VMH (virtual metabolic human database) - unhealthy diet;L-Glutamate;glu__L;C5H8NO4;220.123986030784
VMH-unhealthy;extracted from VMH (virtual metabolic human database) - unhealthy diet;Glycine;gly;C2H5NO2;84.4573485411621
VMH-unhealthy;extracted from VMH (virtual metabolic human database) - unhealthy diet;H2O;h2o;H2O;152721.301028904
VMH-unhealthy;extracted from VMH (virtual metabolic human database) - unhealthy diet;L-Histidine;his__L;C6H9N3O2;30.9611896779084
VMH-unhealthy;extracted from VMH (virtual metabolic human database) - unhealthy diet;L-Isoleucine;ile__L;C6H13NO2;61.087762792467
VMH-unhealthy;extracted from VMH (virtual metabolic human database) - unhealthy diet;K+;k;K;89.0537184481167
VMH-unhealthy;extracted from VMH (virtual metabolic human database) - unhealthy diet;L-Leucine;leu__L;C6H13NO2;101.960298201839
VMH-unhealthy;extracted from VMH (virtual metabolic human database) - unhealthy diet;L-Lysine;lys__L;C6H15N2O2;79.1294502889015
VMH-unhealthy;extracted from VMH (virtual metabolic human database) - unhealthy diet;L-Methionine;met__L;C5H11NO2S;26.318221207107
VMH-unhealthy;extracted from VMH (virtual metabolic human database) - unhealthy diet;Mg;mg2;Mg;17.1751491462662
VMH-unhealthy;extracted from VMH (virtual metabolic human database) - unhealthy diet;Mn2+;mn2;Mn;0.05602674794853
VMH-unhealthy;extracted from VMH (virtual metabolic human database) - unhealthy diet;Na+;na1;Na;309.750824954777
VMH-unhealthy;extracted from VMH (virtual metabolic human database) - unhealthy diet;Isonicotinic acid;nac;C6H4NO2;0.455874825452595
VMH-unhealthy;extracted from VMH (virtual metabolic human database) - unhealthy diet;L-Phenylalanine;phe__L;C9H11NO2;44.7696912205466
VMH-unhealthy;extracted from VMH (virtual metabolic human database) - unhealthy diet;Phosphate;pi;HO4P;28.4778176127561
VMH-unhealthy;extracted from VMH (virtual metabolic human database) - unhealthy diet;PAN;pnto__R;C9H15NO5;0.0293318425309425
VMH-unhealthy;extracted from VMH (virtual metabolic human database) - unhealthy diet;L-Proline;pro__L;C5H9NO2;106.996408423485
VMH-unhealthy;extracted from VMH (virtual metabolic human database) - unhealthy diet;Pyridoxal;pydx;C8H9NO3;0.0040220464778677
VMH-unhealthy;extracted from VMH (virtual metabolic human database) - unhealthy diet;Riboflavin;ribflv;C17H19N4O6;0.0063156960590534
VMH-unhealthy;extracted from VMH (virtual metabolic human database) - unhealthy diet;L-Serine;ser__L;C3H7NO3;77.4233866133296
VMH-unhealthy;extracted from VMH (virtual metabolic human database) - unhealthy diet;Thiamin;thm;C12H17N4OS;6.20678895334771
VMH-unhealthy;extracted from VMH (virtual metabolic human database) - unhealthy diet;L-Threonine;thr__L;C4H9NO3;56.7826429324576
VMH-unhealthy;extracted from VMH (virtual metabolic human database) - unhealthy diet;L-Tryptophan;trp__L;C11H12N2O2;9.95091203240344
VMH-unhealthy;extracted from VMH (virtual metabolic human database) - unhealthy diet;L-Tyrosine;tyr__L;C9H11NO3;35.5928991078352
VMH-unhealthy;extracted from VMH (virtual metabolic human database) - unhealthy diet;L-Valine;val__L;C5H11NO2;80.96521187609
VMH-unhealthy;extracted from VMH (virtual metabolic human database) - unhealthy diet;Zn2+;zn2;Zn;0.335041297032732
VMH-unhealthy;extracted from VMH (virtual metabolic human database) - unhealthy diet;Ethanol;etoh;C2H6O;294.344930581483
VMH-unhealthy;extracted from VMH (virtual metabolic human database) - unhealthy diet;Beta-Carotene;caro;C40H56;0.0028945414610468
VMH-unhealthy;extracted from VMH (virtual metabolic human database) - unhealthy diet;All-trans-Retinol;retinol;C20H30O;4.88738760753998
VMH-unhealthy;extracted from VMH (virtual metabolic human database) - unhealthy diet;Nicotinamide;ncam;C6H6N2O;0.243513591856186
VMH-unhealthy;extracted from VMH (virtual metabolic human database) - unhealthy diet;Pyridoxamine;pydam;C8H13N2O2;0.003973577776333
VMH-unhealthy;extracted from VMH (virtual metabolic human database) - unhealthy diet;Pyridoxine;pydxn;C8H11NO3;0.0039741226882802
VMH-unhealthy;extracted from VMH (virtual metabolic human database) - unhealthy diet;Biotin;btn;C10H15N2O3S;0.0002697997186221
VMH-unhealthy;extracted from VMH (virtual metabolic human database) - unhealthy diet;10-Formyltetrahydrofolate;10fthf;C20H21N7O7;0.0001278510994575
VMH-unhealthy;extracted from VMH (virtual metabolic human database) - unhealthy diet;5-Methyltetrahydrofolate;5mthf;C20H24N7O6;0.0001314696828145
VMH-unhealthy;extracted from VMH (virtual metabolic human database) - unhealthy diet;5,6,7,8-Tetrahydrofolate;thf;C19H21N7O6;0.0001359273616736
VMH-unhealthy;extracted from VMH (virtual metabolic human database) - unhealthy diet;L-Ascorbate;ascb__L;C6H7O6;0.745870456302729
VMH-unhealthy;extracted from VMH (virtual metabolic human database) - unhealthy diet;Calciol (Vitamin D3);vitd3;C27H44O;1.70550104682e-05
VMH-unhealthy;extracted from VMH (virtual metabolic human database) - unhealthy diet;Alpha-Tocopherol;avite1;C29H50O2;0.053170828089038
VMH-unhealthy;extracted from VMH (virtual metabolic human database) - unhealthy diet;D-Mannitol;mnl;C6H14O6;0.133489376511623
VMH-unhealthy;extracted from VMH (virtual metabolic human database) - unhealthy diet;Lactose;lcts;C12H22O11;43.0709633314977
VMH-unhealthy;extracted from VMH (virtual metabolic human database) - unhealthy diet;Maltose;malt;C12H22O11;15.7465822758924
VMH-unhealthy;extracted from VMH (virtual metabolic human database) - unhealthy diet;Sucrose;sucr;C12H22O11;223.627761312196
VMH-unhealthy;extracted from VMH (virtual metabolic human database) - unhealthy diet;D-Fructose;fru;C6H12O6;92.4313497365337
VMH-unhealthy;extracted from VMH (virtual metabolic human database) - unhealthy diet;D-Galactose;gal;C6H12O6;0.330269505467209
VMH-unhealthy;extracted from VMH (virtual metabolic human database) - unhealthy diet;Urate;urate;C5H4N4O3;3.84519568402412
VMH-unhealthy;extracted from VMH (virtual metabolic human database) - unhealthy diet;Decanoate (n-C10:0);dca;C10H19O2;16.85243847394
VMH-unhealthy;extracted from VMH (virtual metabolic human database) - unhealthy diet;Dodecanoate (n-C12:0);ddca;C12H23O2;20.4617735806267
VMH-unhealthy;extracted from VMH (virtual metabolic human database) - unhealthy diet;Tetradecanoate (n-C14:0);ttdca;C14H27O2;57.2996793673553
VMH-unhealthy;extracted from VMH (virtual metabolic human database) - unhealthy diet;Tetradecenoate (n-C14:1);ttdcea;C14H25O2;7.45989187346986
VMH-unhealthy;extracted from VMH (virtual metabolic human database) - unhealthy diet;Pentadecanoate;ptdca;C15H30O2;5.58183534004779
VMH-unhealthy;extracted from VMH (virtual metabolic human database) - unhealthy diet;Hexadecanoate (n-C16:0);hdca;C16H31O2;183.109036587748
VMH-unhealthy;extracted from VMH (virtual metabolic human database) - unhealthy diet;Heptadecanoate C170 ;hpdca;C17H33O2;4.16889008312342
VMH-unhealthy;extracted from VMH (virtual metabolic human database) - unhealthy diet;Octadecanoate (n-C18:0);ocdca;C18H35O2;71.3769321757241
VMH-unhealthy;extracted from VMH (virtual metabolic human database) - unhealthy diet;Octadecenoate (n-C18:1);ocdcea;C18H33O2;219.927835300622
VMH-unhealthy;extracted from VMH (virtual metabolic human database) - unhealthy diet;Linoleic acid (all cis C18:2) n-6;lnlc;C18H31O2;82.6052337284724
VMH-unhealthy;extracted from VMH (virtual metabolic human database) - unhealthy diet;Alpha-Linolenic acid, C18:3, n-3;lnlnca;C18H29O2;7.90853779643049
VMH-unhealthy;extracted from VMH (virtual metabolic human database) - unhealthy diet;Arachidic acid;arach;C20H39O2;2.0568755065846
VMH-unhealthy;extracted from VMH (virtual metabolic human database) - unhealthy diet;11-cis-eicosenoate;CE2510;C20H37O2;3.91086652110165
VMH-unhealthy;extracted from VMH (virtual metabolic human database) - unhealthy diet;Cis,cis-11,14-eicosadienoyl-CoA;CE4843;C41H66N7O17P3S;0.308903651394985
VMH-unhealthy;extracted from VMH (virtual metabolic human database) - unhealthy diet;Arachidonic acid;arachd;C20H31O2;1.03396868570999
VMH-unhealthy;extracted from VMH (virtual metabolic human database) - unhealthy diet;Docosanoate;docosac;C22H43O2;0.876841563410328
VMH-unhealthy;extracted from VMH (virtual metabolic human database) - unhealthy diet;3(Z)-13-docosenoic acid;doco13ac;C22H41O2;2.21548662355133
VMH-unhealthy;extracted from VMH (virtual metabolic human database) - unhealthy diet;Clupanodonic acid;clpnd;C22H33O2;0.746897839792993
VMH-unhealthy;extracted from VMH (virtual metabolic human database) - unhealthy diet;Cervonic acid, C22:6 n-3;crvnc;C22H31O2;1.41810056971366
VMH-unhealthy;extracted from VMH (virtual metabolic human database) - unhealthy diet;Butyrate (n-C4:0);but;C4H7O2;44.4032069917288
VMH-unhealthy;extracted from VMH (virtual metabolic human database) - unhealthy diet;Octanoate (n-C8:0);octa;C8H15O2;10.2894621988988
VMH-unhealthy;extracted from VMH (virtual metabolic human database) - unhealthy diet;Chsterol c;chsterol;C27H46O;2.76352341308174
VMH-unhealthy;extracted from VMH (virtual metabolic human database) - unhealthy diet;D-Sorbitol;sbt__D;C6H14O6;1.561163692734
VMH-unhealthy;extracted from VMH (virtual metabolic human database) - unhealthy diet;Lignoceric acid;lgnc;C24H47O2;0.354020142056335
VMH-unhealthy;extracted from VMH (virtual metabolic human database) - unhealthy diet;Hexadecenoate (n-C16:1);hdcea;C16H29O2;21.7898242425127
VMH-unhealthy;extracted from VMH (virtual metabolic human database) - unhealthy diet;Starch, structure 1 (1,6-{7[1,4-Glc], 4[1,4-Glc]});strch1;C66H112O56;40.1169951473774
VMH-unhealthy;extracted from VMH (virtual metabolic human database) - unhealthy diet;Iodid;i;I;0.0026445719366701
VMH-unhealthy;extracted from VMH (virtual metabolic human database) - unhealthy diet;starch n=1200 repeat units (300 repeat units amylose, 900 repeat units amylopectin, corresponds to potatoe starch);starch1200;C7200H12002O6001;0.371419202283106
VMH-unhealthy;extracted from VMH (virtual metabolic human database) - unhealthy diet;Vitamin K1 (phyQ);;C29H50O2;0.0003
VMH-unhealthy;extracted from VMH (virtual metabolic human database) - unhealthy diet;Celluose (n=500 repeating units, beta-1,4 glc);cell500;C3000H5002O2501;0.0335
VMH-unhealthy;extracted from VMH (virtual metabolic human database) - unhealthy diet;Stearidonic acid C18:4, n-3;strdnc;C18H27O2;0.0856917319824056
VMH-unhealthy;extracted from VMH (virtual metabolic human database) - unhealthy diet;Co2+;cobalt2;Co;
VMH-unhealthy;extracted from VMH (virtual metabolic human database) - unhealthy diet;Molybdate;mobd;MoO4;
VMH-unhealthy;extracted from VMH (virtual metabolic human database) - unhealthy diet;Ni2+;ni2;Ni;
VMH-unhealthy;extracted from VMH (virtual metabolic human database) - unhealthy diet;Superoxide;o2s;O2;
VMH-hiFloC;extracted from VMH (virtual metabolic human database) - high fat/low carb diet;L-Alanine;ala__L;C3H7NO2;84.4704197402271
VMH-hiFloC;extracted from VMH (virtual metabolic human database) - high fat/low carb diet;L-Arginine;arg__L;C6H15N4O2;44.9699758402684
VMH-hiFloC;extracted from VMH (virtual metabolic human database) - high fat/low carb diet;L-Aspartate;asp__L;C4H6NO4;99.8389034533558
VMH-hiFloC;extracted from VMH (virtual metabolic human database) - high fat/low carb diet;Ca2+;ca2;Ca;40.260492040521
VMH-hiFloC;extracted from VMH (virtual metabolic human database) - high fat/low carb diet;Cl-;cl;Cl;734.57535328463
VMH-hiFloC;extracted from VMH (virtual metabolic human database) - high fat/low carb diet;Cu2+;cu2;Cu;0.0198753658766878
VMH-hiFloC;extracted from VMH (virtual metabolic human database) - high fat/low carb diet;L-Cysteine;cys__L;C3H7NO2S;12.4294517416073
VMH-hiFloC;extracted from VMH (virtual metabolic human database) - high fat/low carb diet;Fe2+;fe2;Fe;0.220189811084251
VMH-hiFloC;extracted from VMH (virtual metabolic human database) - high fat/low carb diet;Fe3+;fe3;Fe;0.220189811084251
VMH-hiFloC;extracted from VMH (virtual metabolic human database) - high fat/low carb diet;Folate;fol;C19H17N7O6;0.0001193205105934
VMH-hiFloC;extracted from VMH (virtual metabolic human database) - high fat/low carb diet;D-Glucose;glc__D;C6H12O6;34.7673875793133
VMH-hiFloC;extracted from VMH (virtual metabolic human database) - high fat/low carb diet;L-Glutamate;glu__L;C5H8NO4;171.793024014979
VMH-hiFloC;extracted from VMH (virtual metabolic human database) - high fat/low carb diet;Glycine;gly;C2H5NO2;79.2141911316085
VMH-hiFloC;extracted from VMH (virtual metabolic human database) - high fat/low carb diet;H2O;h2o;H2O;158601.920147786
VMH-hiFloC;extracted from VMH (virtual metabolic human database) - high fat/low carb diet;L-Histidine;his__L;C6H9N3O2;25.7788683029701
VMH-hiFloC;extracted from VMH (virtual metabolic human database) - high fat/low carb diet;L-Isoleucine;ile__L;C6H13NO2;56.423925978613
VMH-hiFloC;extracted from VMH (virtual metabolic human database) - high fat/low carb diet;K+;k;K;56.5929976495142
VMH-hiFloC;extracted from VMH (virtual metabolic human database) - high fat/low carb diet;L-Leucine;leu__L;C6H13NO2;92.1572977345168
VMH-hiFloC;extracted from VMH (virtual metabolic human database) - high fat/low carb diet;L-Lysine;lys__L;C6H15N2O2;79.5959115597963
VMH-hiFloC;extracted from VMH (virtual metabolic human database) - high fat/low carb diet;L-Methionine;met__L;C5H11NO2S;26.0365669356141
VMH-hiFloC;extracted from VMH (virtual metabolic human database) - high fat/low carb diet;Mg;mg2;Mg;15.6292943838716
VMH-hiFloC;extracted from VMH (virtual metabolic human database) - high fat/low carb diet;Mn2+;mn2;Mn;0.0181295129813957
VMH-hiFloC;extracted from VMH (virtual metabolic human database) - high fat/low carb diet;Na+;na1;Na;361.014932290786
VMH-hiFloC;extracted from VMH (virtual metabolic human database) - high fat/low carb diet;Isonicotinic acid;nac;C6H4NO2;0.318014111210755
VMH-hiFloC;extracted from VMH (virtual metabolic human database) - high fat/low carb diet;L-Phenylalanine;phe__L;C9H11NO2;37.4912751507212
VMH-hiFloC;extracted from VMH (virtual metabolic human database) - high fat/low carb diet;Phosphate;pi;HO4P;18.9528367054146
VMH-hiFloC;extracted from VMH (virtual metabolic human database) - high fat/low carb diet;PAN;pnto__R;C9H15NO5;0.0224536835496982
VMH-hiFloC;extracted from VMH (virtual metabolic human database) - high fat/low carb diet;L-Proline;pro__L;C5H9NO2;80.7789421569436
VMH-hiFloC;extracted from VMH (virtual metabolic human database) - high fat/low carb diet;Pyridoxal;pydx;C8H9NO3;0.0033500436702121
VMH-hiFloC;extracted from VMH (virtual metabolic human database) - high fat/low carb diet;Riboflavin;ribflv;C17H19N4O6;0.004623185167334
VMH-hiFloC;extracted from VMH (virtual metabolic human database) - high fat/low carb diet;L-Serine;ser__L;C3H7NO3;69.579875271903
VMH-hiFloC;extracted from VMH (virtual metabolic human database) - high fat/low carb diet;Thiamin;thm;C12H17N4OS;1.80890024141281
VMH-hiFloC;extracted from VMH (virtual metabolic human database) - high fat/low carb diet;L-Threonine;thr__L;C4H9NO3;52.2778024029711
VMH-hiFloC;extracted from VMH (virtual metabolic human database) - high fat/low carb diet;L-Tryptophan;trp__L;C11H12N2O2;8.19644196700505
VMH-hiFloC;extracted from VMH (virtual metabolic human database) - high fat/low carb diet;L-Tyrosine;tyr__L;C9H11NO3;28.1174025945355
VMH-hiFloC;extracted from VMH (virtual metabolic human database) - high fat/low carb diet;L-Valine;val__L;C5H11NO2;72.0149078545374
VMH-hiFloC;extracted from VMH (virtual metabolic human database) - high fat/low carb diet;Zn2+;zn2;Zn;0.22621596818599
VMH-hiFloC;extracted from VMH (virtual metabolic human database) - high fat/low carb diet;Beta-Carotene;caro;C40H56;0.0016204961847559
VMH-hiFloC;extracted from VMH (virtual metabolic human database) - high fat/low carb diet;All-trans-Retinol;retinol;C20H30O;3.10698212193613
VMH-hiFloC;extracted from VMH (virtual metabolic human database) - high fat/low carb diet;Nicotinamide;ncam;C6H6N2O;0.181535906770626
VMH-hiFloC;extracted from VMH (virtual metabolic human database) - high fat/low carb diet;Pyridoxamine;pydam;C8H13N2O2;0.003309673110679
VMH-hiFloC;extracted from VMH (virtual metabolic human database) - high fat/low carb diet;Pyridoxine;pydxn;C8H11NO3;0.0033101269788352
VMH-hiFloC;extracted from VMH (virtual metabolic human database) - high fat/low carb diet;Biotin;btn;C10H15N2O3S;0.0001734875938491
VMH-hiFloC;extracted from VMH (virtual metabolic human database) - high fat/low carb diet;10-Formyltetrahydrofolate;10fthf;C20H21N7O7;0.0001114656166834
VMH-hiFloC;extracted from VMH (virtual metabolic human database) - high fat/low carb diet;5-Methyltetrahydrofolate;5mthf;C20H24N7O6;0.0001146204399671
VMH-hiFloC;extracted from VMH (virtual metabolic human database) - high fat/low carb diet;5,6,7,8-Tetrahydrofolate;thf;C19H21N7O6;0.0001185068197097
VMH-hiFloC;extracted from VMH (virtual metabolic human database) - high fat/low carb diet;L-Ascorbate;ascb__L;C6H7O6;0.281984191068559
VMH-hiFloC;extracted from VMH (virtual metabolic human database) - high fat/low carb diet;Calciol (Vitamin D3);vitd3;C27H44O;6.63221519887e-05
VMH-hiFloC;extracted from VMH (virtual metabolic human database) - high fat/low carb diet;Alpha-Tocopherol;avite1;C29H50O2;0.0557456697269902
VMH-hiFloC;extracted from VMH (virtual metabolic human database) - high fat/low carb diet;D-Mannitol;mnl;C6H14O6;0.149309607743899
VMH-hiFloC;extracted from VMH (virtual metabolic human database) - high fat/low carb diet;Xylitol;xylt;C5H12O5;0.118307570764359
VMH-hiFloC;extracted from VMH (virtual metabolic human database) - high fat/low carb diet;Lactose;lcts;C12H22O11;0.0631031868570085
VMH-hiFloC;extracted from VMH (virtual metabolic human database) - high fat/low carb diet;Sucrose;sucr;C12H22O11;3.38887484972823
VMH-hiFloC;extracted from VMH (virtual metabolic human database) - high fat/low carb diet;D-Fructose;fru;C6H12O6;9.19325983772943
VMH-hiFloC;extracted from VMH (virtual metabolic human database) - high fat/low carb diet;Urate;urate;C5H4N4O3;5.03484914368721
VMH-hiFloC;extracted from VMH (virtual metabolic human database) - high fat/low carb diet;Decanoate (n-C10:0);dca;C10H19O2;10.3369970342766
VMH-hiFloC;extracted from VMH (virtual metabolic human database) - high fat/low carb diet;Dodecanoate (n-C12:0);ddca;C12H23O2;10.6961122834903
VMH-hiFloC;extracted from VMH (virtual metabolic human database) - high fat/low carb diet;Tetradecanoate (n-C14:0);ttdca;C14H27O2;34.0823704824444
VMH-hiFloC;extracted from VMH (virtual metabolic human database) - high fat/low carb diet;Tetradecenoate (n-C14:1);ttdcea;C14H25O2;4.15261611975481
VMH-hiFloC;extracted from VMH (virtual metabolic human database) - high fat/low carb diet;Pentadecanoate;ptdca;C15H30O2;3.38249866605686
VMH-hiFloC;extracted from VMH (virtual metabolic human database) - high fat/low carb diet;Hexadecanoate (n-C16:0);hdca;C16H31O2;131.567978682628
VMH-hiFloC;extracted from VMH (virtual metabolic human database) - high fat/low carb diet;Heptadecanoate C170 ;hpdca;C17H33O2;2.08092481258538
VMH-hiFloC;extracted from VMH (virtual metabolic human database) - high fat/low carb diet;Octadecanoate (n-C18:0);ocdca;C18H35O2;38.1732695568797
VMH-hiFloC;extracted from VMH (virtual metabolic human database) - high fat/low carb diet;Octadecenoate (n-C18:1);ocdcea;C18H33O2;251.126865051195
VMH-hiFloC;extracted from VMH (virtual metabolic human database) - high fat/low carb diet;Linoleic acid (all cis C18:2) n-6;lnlc;C18H31O2;64.5582643703869
VMH-hiFloC;extracted from VMH (virtual metabolic human database) - high fat/low carb diet;Alpha-Linolenic acid, C18:3, n-3;lnlnca;C18H29O2;5.1906537952871
VMH-hiFloC;extracted from VMH (virtual metabolic human database) - high fat/low carb diet;Arachidic acid;arach;C20H39O2;1.39919267468642
VMH-hiFloC;extracted from VMH (virtual metabolic human database) - high fat/low carb diet;11-cis-eicosenoate;CE2510;C20H37O2;6.29944563379262
VMH-hiFloC;extracted from VMH (virtual metabolic human database) - high fat/low carb diet;Cis,cis-11,14-eicosadienoyl-CoA;CE4843;C41H66N7O17P3S;0.296789463876468
VMH-hiFloC;extracted from VMH (virtual metabolic human database) - high fat/low carb diet;Arachidonic acid;arachd;C20H31O2;0.854810980992813
VMH-hiFloC;extracted from VMH (virtual metabolic human database) - high fat/low carb diet;Docosanoate;docosac;C22H43O2;0.497621148280383
VMH-hiFloC;extracted from VMH (virtual metabolic human database) - high fat/low carb diet;3(Z)-13-docosenoic acid;doco13ac;C22H41O2;6.87220660523161
VMH-hiFloC;extracted from VMH (virtual metabolic human database) - high fat/low carb diet;Clupanodonic acid;clpnd;C22H33O2;0.422827334579276
VMH-hiFloC;extracted from VMH (virtual metabolic human database) - high fat/low carb diet;Cervonic acid, C22:6 n-3;crvnc;C22H31O2;1.68797939906614
VMH-hiFloC;extracted from VMH (virtual metabolic human database) - high fat/low carb diet;Butyrate (n-C4:0);but;C4H7O2;26.8091281924103
VMH-hiFloC;extracted from VMH (virtual metabolic human database) - high fat/low carb diet;Octanoate (n-C8:0);octa;C8H15O2;5.75139574102588
VMH-hiFloC;extracted from VMH (virtual metabolic human database) - high fat/low carb diet;Chsterol c;chsterol;C27H46O;2.27774997510691
VMH-hiFloC;extracted from VMH (virtual metabolic human database) - high fat/low carb diet;Lignoceric acid;lgnc;C24H47O2;0.205669414365795
VMH-hiFloC;extracted from VMH (virtual metabolic human database) - high fat/low carb diet;Hexadecenoate (n-C16:1);hdcea;C16H29O2;17.3428366106907
VMH-hiFloC;extracted from VMH (virtual metabolic human database) - high fat/low carb diet;Starch, structure 1 (1,6-{7[1,4-Glc], 4[1,4-Glc]});strch1;C66H112O56;0.0686903958170963
VMH-hiFloC;extracted from VMH (virtual metabolic human database) - high fat/low carb diet;Iodid;i;I;0.0076857812809903
VMH-hiFloC;extracted from VMH (virtual metabolic human database) - high fat/low carb diet;starch n=1200 repeat units (300 repeat units amylose, 900 repeat units amylopectin, corresponds to potatoe starch);starch1200;C7200H12002O6001;0.0006359631853076
VMH-hiFloC;extracted from VMH (virtual metabolic human database) - high fat/low carb diet;Adrenic acid;adrn;C22H35O2;0.0361977737765831
VMH-hiFloC;extracted from VMH (virtual metabolic human database) - high fat/low carb diet;Stearidonic acid C18:4, n-3;strdnc;C18H27O2;2.65789609369156
VMH-hiFloC;extracted from VMH (virtual metabolic human database) - high fat/low carb diet;Celluose (n=500 repeating units, beta-1,4 glc);cell500;C3000H5002O2501;0.0302
VMH-hiFloC;extracted from VMH (virtual metabolic human database) - high fat/low carb diet;Vitamin K1 (phyQ);;C29H50O2;0.0002
VMH-hiFloC;extracted from VMH (virtual metabolic human database) - high fat/low carb diet;Co2+;cobalt2;Co;
VMH-hiFloC;extracted from VMH (virtual metabolic human database) - high fat/low carb diet;Molybdate;mobd;MoO4;
VMH-hiFloC;extracted from VMH (virtual metabolic human database) - high fat/low carb diet;Ni2+;ni2;Ni;
VMH-hiFloC;extracted from VMH (virtual metabolic human database) - high fat/low carb diet;Superoxide;o2s;O2;
M9_o2s;M9_medium (minimal medium) based on protocol from Heilbronner lab (anaerobic with o2s);Ca2+;ca2;Ca;
M9_o2s;M9_medium (minimal medium) based on protocol from Heilbronner lab (anaerobic with o2s);Cl-;cl;Cl;
M9_o2s;M9_medium (minimal medium) based on protocol from Heilbronner lab (anaerobic with o2s);Co2+;cobalt2;Co;
M9_o2s;M9_medium (minimal medium) based on protocol from Heilbronner lab (anaerobic with o2s);Cu2+;cu2;Cu;
M9_o2s;M9_medium (minimal medium) based on protocol from Heilbronner lab (anaerobic with o2s);Fe2+;fe2;Fe;
M9_o2s;M9_medium (minimal medium) based on protocol from Heilbronner lab (anaerobic with o2s);Fe3+;fe3;Fe;
M9_o2s;M9_medium (minimal medium) based on protocol from Heilbronner lab (anaerobic with o2s);D-Glucose;glc__D;C6H12O6;
M9_o2s;M9_medium (minimal medium) based on protocol from Heilbronner lab (anaerobic with o2s);H2O;h2o;H2O;
M9_o2s;M9_medium (minimal medium) based on protocol from Heilbronner lab (anaerobic with o2s);H+;h;H;
M9_o2s;M9_medium (minimal medium) based on protocol from Heilbronner lab (anaerobic with o2s);K+;k;K;
M9_o2s;M9_medium (minimal medium) based on protocol from Heilbronner lab (anaerobic with o2s);Mg;mg2;Mg;
M9_o2s;M9_medium (minimal medium) based on protocol from Heilbronner lab (anaerobic with o2s);Mn2+;mn2;Mn;
M9_o2s;M9_medium (minimal medium) based on protocol from Heilbronner lab (anaerobic with o2s);Molybdate;mobd;MoO4;
M9_o2s;M9_medium (minimal medium) based on protocol from Heilbronner lab (anaerobic with o2s);Na+;na1;Na;
M9_o2s;M9_medium (minimal medium) based on protocol from Heilbronner lab (anaerobic with o2s);Ammonium;nh4;NH4;
M9_o2s;M9_medium (minimal medium) based on protocol from Heilbronner lab (anaerobic with o2s);Ni2+;ni2;Ni;
M9_o2s;M9_medium (minimal medium) based on protocol from Heilbronner lab (anaerobic with o2s);Phosphate;pi;HO4P;
M9_o2s;M9_medium (minimal medium) based on protocol from Heilbronner lab (anaerobic with o2s);Sulfate;so4;SO4;
M9_o2s;M9_medium (minimal medium) based on protocol from Heilbronner lab (anaerobic with o2s);Zn2+;zn2;Zn;
M9_o2s;M9_medium (minimal medium) based on protocol from Heilbronner lab (anaerobic with o2s);C6H8O7 (Citric acid);cit;C6H8O7;
M9_o2s;M9_medium (minimal medium) based on protocol from Heilbronner lab (anaerobic with o2s);H3BO3;;H3BO3;
M9_o2s;M9_medium (minimal medium) based on protocol from Heilbronner lab (anaerobic with o2s);Superoxide;o2s;O2;
LB_o2s;Lysogeny broth (from CarveMe) (anaerobic with o2s);Adenosine;adn;C10H13N5O4;2.5
LB_o2s;Lysogeny broth (from CarveMe) (anaerobic with o2s);L-Alanine;ala__L;C3H7NO2;2.5
LB_o2s;Lysogeny broth (from CarveMe) (anaerobic with o2s);AMP;amp;C10H12N5O7P;2.5
LB_o2s;Lysogeny broth (from CarveMe) (anaerobic with o2s);L-Arginine;arg__L;C6H15N4O2;2.5
LB_o2s;Lysogeny broth (from CarveMe) (anaerobic with o2s);Arsenite ;aso3;AsO3;2.5
LB_o2s;Lysogeny broth (from CarveMe) (anaerobic with o2s);L-Aspartate;asp__L;C4H6NO4;2.5
LB_o2s;Lysogeny broth (from CarveMe) (anaerobic with o2s);Ca2+;ca2;Ca;2.5
LB_o2s;Lysogeny broth (from CarveMe) (anaerobic with o2s);Vitamin B12;cbl1;C62CoH88N13O14P;2.5
LB_o2s;Lysogeny broth (from CarveMe) (anaerobic with o2s);Cadmium ;cd2;Cd;2.5
LB_o2s;Lysogeny broth (from CarveMe) (anaerobic with o2s);Cl-;cl;Cl;2.5
LB_o2s;Lysogeny broth (from CarveMe) (anaerobic with o2s);CMP;cmp;C9H12N3O8P;2.5
LB_o2s;Lysogeny broth (from CarveMe) (anaerobic with o2s);Co2+;cobalt2;Co;2.5
LB_o2s;Lysogeny broth (from CarveMe) (anaerobic with o2s);Chromate ;cro4;CrO4;2.5
LB_o2s;Lysogeny broth (from CarveMe) (anaerobic with o2s);Cu2+;cu2;Cu;2.5
LB_o2s;Lysogeny broth (from CarveMe) (anaerobic with o2s);L-Cysteine;cys__L;C3H7NO2S;2.5
LB_o2s;Lysogeny broth (from CarveMe) (anaerobic with o2s);Deoxyadenosine ;dad_2;C10H13N5O3;2.5
LB_o2s;Lysogeny broth (from CarveMe) (anaerobic with o2s);Deoxycytidine;dcyt;C9H13N3O4;2.5
LB_o2s;Lysogeny broth (from CarveMe) (anaerobic with o2s);Fe2+;fe2;Fe;2.5
LB_o2s;Lysogeny broth (from CarveMe) (anaerobic with o2s);Fe3+;fe3;Fe;2.5
LB_o2s;Lysogeny broth (from CarveMe) (anaerobic with o2s);Folate;fol;C19H17N7O6;2.5
LB_o2s;Lysogeny broth (from CarveMe) (anaerobic with o2s);D-Glucose;glc__D;C6H12O6;2.5
LB_o2s;Lysogeny broth (from CarveMe) (anaerobic with o2s);L-Glutamate;glu__L;C5H8NO4;2.5
LB_o2s;Lysogeny broth (from CarveMe) (anaerobic with o2s);Glycine;gly;C2H5NO2;2.5
LB_o2s;Lysogeny broth (from CarveMe) (anaerobic with o2s);GMP;gmp;C10H12N5O8P;2.5
LB_o2s;Lysogeny broth (from CarveMe) (anaerobic with o2s);Guanosine;gsn;C10H12N5O5;2.5
LB_o2s;Lysogeny broth (from CarveMe) (anaerobic with o2s);H2O;h2o;H2O;2.5
LB_o2s;Lysogeny broth (from CarveMe) (anaerobic with o2s);Hydrogen sulfide;h2s;H2S;2.5
LB_o2s;Lysogeny broth (from CarveMe) (anaerobic with o2s);H+;h;H;2.5
LB_o2s;Lysogeny broth (from CarveMe) (anaerobic with o2s);Hg2+;hg2;Hg;2.5
LB_o2s;Lysogeny broth (from CarveMe) (anaerobic with o2s);L-Histidine;his__L;C6H9N3O2;2.5
LB_o2s;Lysogeny broth (from CarveMe) (anaerobic with o2s);Hypoxanthine;hxan;C5H4N4O;2.5
LB_o2s;Lysogeny broth (from CarveMe) (anaerobic with o2s);L-Isoleucine;ile__L;C6H13NO2;2.5
LB_o2s;Lysogeny broth (from CarveMe) (anaerobic with o2s);Inosine;ins;C10H12N4O5;2.5
LB_o2s;Lysogeny broth (from CarveMe) (anaerobic with o2s);K+;k;K;2.5
LB_o2s;Lysogeny broth (from CarveMe) (anaerobic with o2s);L-Leucine;leu__L;C6H13NO2;2.5
LB_o2s;Lysogeny broth (from CarveMe) (anaerobic with o2s);Lipoate;lipoate;C8H13O2S2;2.5
LB_o2s;Lysogeny broth (from CarveMe) (anaerobic with o2s);L-Lysine;lys__L;C6H15N2O2;2.5
LB_o2s;Lysogeny broth (from CarveMe) (anaerobic with o2s);L-Methionine;met__L;C5H11NO2S;2.5
LB_o2s;Lysogeny broth (from CarveMe) (anaerobic with o2s);Mg;mg2;Mg;2.5
LB_o2s;Lysogeny broth (from CarveMe) (anaerobic with o2s);Mn2+;mn2;Mn;2.5
LB_o2s;Lysogeny broth (from CarveMe) (anaerobic with o2s);Molybdate;mobd;MoO4;2.5
LB_o2s;Lysogeny broth (from CarveMe) (anaerobic with o2s);Na+;na1;Na;2.5
LB_o2s;Lysogeny broth (from CarveMe) (anaerobic with o2s);Isonicotinic acid;nac;C6H4NO2;2.5
LB_o2s;Lysogeny broth (from CarveMe) (anaerobic with o2s);Ammonium;nh4;NH4;2.5
LB_o2s;Lysogeny broth (from CarveMe) (anaerobic with o2s);Ni2+;ni2;Ni;2.5
LB_o2s;Lysogeny broth (from CarveMe) (anaerobic with o2s);L-Phenylalanine;phe__L;C9H11NO2;2.5
LB_o2s;Lysogeny broth (from CarveMe) (anaerobic with o2s);Protoheme;pheme;C24H30FeN4O4;2.5
LB_o2s;Lysogeny broth (from CarveMe) (anaerobic with o2s);Phosphate;pi;HO4P;2.5
LB_o2s;Lysogeny broth (from CarveMe) (anaerobic with o2s);PAN;pnto__R;C9H15NO5;2.5
LB_o2s;Lysogeny broth (from CarveMe) (anaerobic with o2s);L-Proline;pro__L;C5H9NO2;2.5
LB_o2s;Lysogeny broth (from CarveMe) (anaerobic with o2s);Pyridoxal;pydx;C8H9NO3;2.5
LB_o2s;Lysogeny broth (from CarveMe) (anaerobic with o2s);Riboflavin;ribflv;C17H19N4O6;2.5
LB_o2s;Lysogeny broth (from CarveMe) (anaerobic with o2s);L-Serine;ser__L;C3H7NO3;2.5
LB_o2s;Lysogeny broth (from CarveMe) (anaerobic with o2s);Sulfate;so4;SO4;2.5
LB_o2s;Lysogeny broth (from CarveMe) (anaerobic with o2s);Thiamin;thm;C12H17N4OS;2.5
LB_o2s;Lysogeny broth (from CarveMe) (anaerobic with o2s);L-Threonine;thr__L;C4H9NO3;2.5
LB_o2s;Lysogeny broth (from CarveMe) (anaerobic with o2s);Thymidine;thymd;C10H14N2O5;2.5
LB_o2s;Lysogeny broth (from CarveMe) (anaerobic with o2s);L-Tryptophan;trp__L;C11H12N2O2;2.5
LB_o2s;Lysogeny broth (from CarveMe) (anaerobic with o2s);L-Tyrosine;tyr__L;C9H11NO3;2.5
LB_o2s;Lysogeny broth (from CarveMe) (anaerobic with o2s);UMP;ump;C9H11N2O9P;2.5
LB_o2s;Lysogeny broth (from CarveMe) (anaerobic with o2s);Uracil;ura;C4H4N2O2;2.5
LB_o2s;Lysogeny broth (from CarveMe) (anaerobic with o2s);Uridine;uri;C9H12N2O6;2.5
LB_o2s;Lysogeny broth (from CarveMe) (anaerobic with o2s);L-Valine;val__L;C5H11NO2;2.5
LB_o2s;Lysogeny broth (from CarveMe) (anaerobic with o2s);Zn2+;zn2;Zn;2.5
LB_o2s;Lysogeny broth (from CarveMe) (anaerobic with o2s);Superoxide;o2s;O2;5.0
SNM3_o2s;Synthetic nasal medium, adapted from Krismer et. al, 2014 (+ o2, h20, fe2, fe3 as it is in water) (anaerobic with o2s);L-Alanine;ala__L;C3H7NO2;
SNM3_o2s;Synthetic nasal medium, adapted from Krismer et. al, 2014 (+ o2, h20, fe2, fe3 as it is in water) (anaerobic with o2s);L-Argenine;arg__L;C6H15N4O2;
SNM3_o2s;Synthetic nasal medium, adapted from Krismer et. al, 2014 (+ o2, h20, fe2, fe3 as it is in water) (anaerobic with o2s);L-Glutamate;glu__L;C5H8NO4;
SNM3_o2s;Synthetic nasal medium, adapted from Krismer et. al, 2014 (+ o2, h20, fe2, fe3 as it is in water) (anaerobic with o2s);Glycine;gly;C2H5NO2;
SNM3_o2s;Synthetic nasal medium, adapted from Krismer et. al, 2014 (+ o2, h20, fe2, fe3 as it is in water) (anaerobic with o2s);L-Histidine;his__L;C6H9N3O2;
SNM3_o2s;Synthetic nasal medium, adapted from Krismer et. al, 2014 (+ o2, h20, fe2, fe3 as it is in water) (anaerobic with o2s);L-Leucine;leu__L;C6H13NO2;
SNM3_o2s;Synthetic nasal medium, adapted from Krismer et. al, 2014 (+ o2, h20, fe2, fe3 as it is in water) (anaerobic with o2s);L-Lysine;lys__L;C6H15N2O2;
SNM3_o2s;Synthetic nasal medium, adapted from Krismer et. al, 2014 (+ o2, h20, fe2, fe3 as it is in water) (anaerobic with o2s);L-Phenylalanine;phe__L;C9H11NO2;
SNM3_o2s;Synthetic nasal medium, adapted from Krismer et. al, 2014 (+ o2, h20, fe2, fe3 as it is in water) (anaerobic with o2s);L-Proline;pro__L;C5H9NO2;
SNM3_o2s;Synthetic nasal medium, adapted from Krismer et. al, 2014 (+ o2, h20, fe2, fe3 as it is in water) (anaerobic with o2s);L-Serine;ser__L;C3H7NO3;
SNM3_o2s;Synthetic nasal medium, adapted from Krismer et. al, 2014 (+ o2, h20, fe2, fe3 as it is in water) (anaerobic with o2s);L-Threonine;thr__L;C4H9NO3;
SNM3_o2s;Synthetic nasal medium, adapted from Krismer et. al, 2014 (+ o2, h20, fe2, fe3 as it is in water) (anaerobic with o2s);L-Tryptophan;trp__L;C11H12N2O2;
SNM3_o2s;Synthetic nasal medium, adapted from Krismer et. al, 2014 (+ o2, h20, fe2, fe3 as it is in water) (anaerobic with o2s);L-Valine;val__L;C5H11NO2;
SNM3_o2s;Synthetic nasal medium, adapted from Krismer et. al, 2014 (+ o2, h20, fe2, fe3 as it is in water) (anaerobic with o2s);Ca2+;ca2;Ca;
SNM3_o2s;Synthetic nasal medium, adapted from Krismer et. al, 2014 (+ o2, h20, fe2, fe3 as it is in water) (anaerobic with o2s);Cl-;cl;Cl;
SNM3_o2s;Synthetic nasal medium, adapted from Krismer et. al, 2014 (+ o2, h20, fe2, fe3 as it is in water) (anaerobic with o2s);Co2+;cobalt2;Co;
SNM3_o2s;Synthetic nasal medium, adapted from Krismer et. al, 2014 (+ o2, h20, fe2, fe3 as it is in water) (anaerobic with o2s);Cu2+;cu2;Cu;
SNM3_o2s;Synthetic nasal medium, adapted from Krismer et. al, 2014 (+ o2, h20, fe2, fe3 as it is in water) (anaerobic with o2s);Fe2+;fe2;Fe;
SNM3_o2s;Synthetic nasal medium, adapted from Krismer et. al, 2014 (+ o2, h20, fe2, fe3 as it is in water) (anaerobic with o2s);Fe3+;fe3;Fe;
SNM3_o2s;Synthetic nasal medium, adapted from Krismer et. al, 2014 (+ o2, h20, fe2, fe3 as it is in water) (anaerobic with o2s);D-Glucose;glc__D;C6H12O6;
SNM3_o2s;Synthetic nasal medium, adapted from Krismer et. al, 2014 (+ o2, h20, fe2, fe3 as it is in water) (anaerobic with o2s);H2O;h2o;H2O;
SNM3_o2s;Synthetic nasal medium, adapted from Krismer et. al, 2014 (+ o2, h20, fe2, fe3 as it is in water) (anaerobic with o2s);K+;k;K;
SNM3_o2s;Synthetic nasal medium, adapted from Krismer et. al, 2014 (+ o2, h20, fe2, fe3 as it is in water) (anaerobic with o2s);Mg;mg2;Mg;
SNM3_o2s;Synthetic nasal medium, adapted from Krismer et. al, 2014 (+ o2, h20, fe2, fe3 as it is in water) (anaerobic with o2s);Mn2+;mn2;Mn;
SNM3_o2s;Synthetic nasal medium, adapted from Krismer et. al, 2014 (+ o2, h20, fe2, fe3 as it is in water) (anaerobic with o2s);Molybdate;mobd;MoO4;
SNM3_o2s;Synthetic nasal medium, adapted from Krismer et. al, 2014 (+ o2, h20, fe2, fe3 as it is in water) (anaerobic with o2s);Na+;na1;Na;
SNM3_o2s;Synthetic nasal medium, adapted from Krismer et. al, 2014 (+ o2, h20, fe2, fe3 as it is in water) (anaerobic with o2s);Ni2+;ni2;Ni;
SNM3_o2s;Synthetic nasal medium, adapted from Krismer et. al, 2014 (+ o2, h20, fe2, fe3 as it is in water) (anaerobic with o2s);Phosphate;pi;HO4P;
SNM3_o2s;Synthetic nasal medium, adapted from Krismer et. al, 2014 (+ o2, h20, fe2, fe3 as it is in water) (anaerobic with o2s);Sulfate;so4;SO4;
SNM3_o2s;Synthetic nasal medium, adapted from Krismer et. al, 2014 (+ o2, h20, fe2, fe3 as it is in water) (anaerobic with o2s);Zn2+;zn2;Zn;
SNM3_o2s;Synthetic nasal medium, adapted from Krismer et. al, 2014 (+ o2, h20, fe2, fe3 as it is in water) (anaerobic with o2s);C6H8O7 (Citric acid);cit;C6H8O7;
SNM3_o2s;Synthetic nasal medium, adapted from Krismer et. al, 2014 (+ o2, h20, fe2, fe3 as it is in water) (anaerobic with o2s);H3BO3;;H3BO3;
SNM3_o2s;Synthetic nasal medium, adapted from Krismer et. al, 2014 (+ o2, h20, fe2, fe3 as it is in water) (anaerobic with o2s);Ornithine;orn;C5H13N2O2;
SNM3_o2s;Synthetic nasal medium, adapted from Krismer et. al, 2014 (+ o2, h20, fe2, fe3 as it is in water) (anaerobic with o2s);Fumerate;fum;C4H2O4;
SNM3_o2s;Synthetic nasal medium, adapted from Krismer et. al, 2014 (+ o2, h20, fe2, fe3 as it is in water) (anaerobic with o2s);Maleate;male;C4H2O4;
SNM3_o2s;Synthetic nasal medium, adapted from Krismer et. al, 2014 (+ o2, h20, fe2, fe3 as it is in water) (anaerobic with o2s);Pyruvate;pyr;C3H3O3;
SNM3_o2s;Synthetic nasal medium, adapted from Krismer et. al, 2014 (+ o2, h20, fe2, fe3 as it is in water) (anaerobic with o2s);Succinate;succ;C4H4O4;
SNM3_o2s;Synthetic nasal medium, adapted from Krismer et. al, 2014 (+ o2, h20, fe2, fe3 as it is in water) (anaerobic with o2s);Urea;urea;CH4N2O;
SNM3_o2s;Synthetic nasal medium, adapted from Krismer et. al, 2014 (+ o2, h20, fe2, fe3 as it is in water) (anaerobic with o2s);2,2-Bipyridine;;C10H8N2;
SNM3_o2s;Synthetic nasal medium, adapted from Krismer et. al, 2014 (+ o2, h20, fe2, fe3 as it is in water) (anaerobic with o2s);Riboflavin;ribflv;C17H20N4O6;
SNM3_o2s;Synthetic nasal medium, adapted from Krismer et. al, 2014 (+ o2, h20, fe2, fe3 as it is in water) (anaerobic with o2s);Pyridoxamine;pydam;C8H13N2O2;
SNM3_o2s;Synthetic nasal medium, adapted from Krismer et. al, 2014 (+ o2, h20, fe2, fe3 as it is in water) (anaerobic with o2s);(R)-Pantothenate;pnto__R;C9H15NO5;
SNM3_o2s;Synthetic nasal medium, adapted from Krismer et. al, 2014 (+ o2, h20, fe2, fe3 as it is in water) (anaerobic with o2s);Nicotinate;nac;C6H4NO2;
SNM3_o2s;Synthetic nasal medium, adapted from Krismer et. al, 2014 (+ o2, h20, fe2, fe3 as it is in water) (anaerobic with o2s);Biotin;btn;C10H15N2O3S;
SNM3_o2s;Synthetic nasal medium, adapted from Krismer et. al, 2014 (+ o2, h20, fe2, fe3 as it is in water) (anaerobic with o2s);4-Aminobenzoate;4abz;C7H6NO2;
SNM3_o2s;Synthetic nasal medium, adapted from Krismer et. al, 2014 (+ o2, h20, fe2, fe3 as it is in water) (anaerobic with o2s);Cobalamin II (part of vitamine B12);cbl2;C62H88CoN13O14P;
SNM3_o2s;Synthetic nasal medium, adapted from Krismer et. al, 2014 (+ o2, h20, fe2, fe3 as it is in water) (anaerobic with o2s);Cobalamin I (part of vitamine B12);cbl1;C62H88CoN13O14P;
SNM3_o2s;Synthetic nasal medium, adapted from Krismer et. al, 2014 (+ o2, h20, fe2, fe3 as it is in water) (anaerobic with o2s);Superoxide;o2s;O2;
